,ticker,name,industry,sub-industry,date_added,cik,found_year
0,MMM,3M,Industrials,Industrial Conglomerates,1976-08-09,66740,1902
1,AOS,A. O. Smith,Industrials,Building Products,2017-07-26,91142,1916
2,ABT,Abbott,Health Care,Health Care Equipment,1964-03-31,1800,1888
3,ABBV,AbbVie,Health Care,Pharmaceuticals,2012-12-31,1551152,2013 (1888)
4,ABMD,Abiomed,Health Care,Health Care Equipment,2018-05-31,815094,1981
5,ACN,Accenture,Information Technology,IT Consulting & Other Services,2011-07-06,1467373,1989
6,ATVI,Activision Blizzard,Communication Services,Interactive Home Entertainment,2015-08-31,718877,2008
7,ADM,ADM,Consumer Staples,Agricultural Products,1981-07-29,7084,1902
8,ADBE,Adobe Inc.,Information Technology,Application Software,1997-05-05,796343,1982
9,ADP,ADP,Information Technology,Data Processing & Outsourced Services,1981-03-31,8670,1949
10,AAP,Advance Auto Parts,Consumer Discretionary,Automotive Retail,2015-07-09,1158449,1932
11,AES,AES Corporation,Utilities,Independent Power Producers & Energy Traders,1998-10-02,874761,1981
12,AFL,Aflac,Financials,Life & Health Insurance,1999-05-28,4977,1955
13,A,Agilent Technologies,Health Care,Health Care Equipment,2000-06-05,1090872,1999
14,APD,Air Products and Chemicals,Materials,Industrial Gases,1985-04-30,2969,1940
15,AKAM,Akamai,Information Technology,Internet Services & Infrastructure,2007-07-12,1086222,1998
16,ALK,Alaska Air Group,Industrials,Airlines,2016-05-13,766421,1985
17,ALB,Albemarle Corporation,Materials,Specialty Chemicals,2016-07-01,915913,1994
18,ARE,Alexandria Real Estate Equities,Real Estate,Office REITs,2017-03-20,1035443,1994
19,ALGN,Align Technology,Health Care,Health Care Supplies,2017-06-19,1097149,1997
20,ALLE,Allegion,Industrials,Building Products,2013-12-02,1579241,1908
21,LNT,Alliant Energy,Utilities,Electric Utilities,2016-07-01,352541,1917
22,ALL,Allstate,Financials,Property & Casualty Insurance,1995-07-13,899051,1931
23,GOOGL,Alphabet Inc. (Class A),Communication Services,Interactive Media & Services,2014-04-03,1652044,1998
24,GOOG,Alphabet Inc. (Class C),Communication Services,Interactive Media & Services,2006-04-03,1652044,1998
25,MO,Altria,Consumer Staples,Tobacco,1957-03-04,764180,1985
26,AMZN,Amazon,Consumer Discretionary,Internet & Direct Marketing Retail,2005-11-18,1018724,1994
27,AMCR,Amcor,Materials,Paper Packaging,2019-06-07,1748790,2019 (1860)
28,AMD,AMD,Information Technology,Semiconductors,,2488,1969
29,AEE,Ameren,Utilities,Multi-Utilities,1991-09-19,1002910,1902
30,AAL,American Airlines Group,Industrials,Airlines,2015-03-23,6201,1934
31,AEP,American Electric Power,Utilities,Electric Utilities,1957-03-04,4904,1906
32,AXP,American Express,Financials,Consumer Finance,1976-06-30,4962,1850
33,AIG,American International Group,Financials,Property & Casualty Insurance,1980-03-31,5272,1919
34,AMT,American Tower,Real Estate,Specialized REITs,2007-11-19,1053507,1995
35,AWK,American Water Works,Utilities,Water Utilities,2016-03-04,1410636,1886
36,AMP,Ameriprise Financial,Financials,Asset Management & Custody Banks,2005-10-03,820027,1894
37,ABC,AmerisourceBergen,Health Care,Health Care Distributors,2001-08-30,1140859,1985
38,AME,Ametek,Industrials,Electrical Components & Equipment,2013-09-23,1037868,1930
39,AMGN,Amgen,Health Care,Biotechnology,1992-01-02,318154,1980
40,APH,Amphenol,Information Technology,Electronic Components,2008-09-30,820313,1932
41,ADI,Analog Devices,Information Technology,Semiconductors,1999-10-12,6281,1965
42,ANSS,Ansys,Information Technology,Application Software,2017-06-19,1013462,1969
43,AON,Aon,Financials,Insurance Brokers,1996-04-23,315293,1982 (1919)
44,APA,APA Corporation,Energy,Oil & Gas Exploration & Production,1997-07-28,6769,1954
45,AAPL,Apple Inc.,Information Technology,"Technology Hardware, Storage & Peripherals",1982-11-30,320193,1977
46,AMAT,Applied Materials,Information Technology,Semiconductor Equipment,1995-03-16,6951,1967
47,APTV,Aptiv,Consumer Discretionary,Auto Parts & Equipment,2012-12-24,1521332,1994
48,ANET,Arista Networks,Information Technology,Communications Equipment,2018-08-28,1596532,2004
49,AJG,Arthur J. Gallagher & Co.,Financials,Insurance Brokers,2016-05-31,354190,1927
50,AIZ,Assurant,Financials,Multi-line Insurance,2007-04-10,1267238,1892
51,T,AT&T,Communication Services,Integrated Telecommunication Services,1983-11-30 (1957-03-04),732717,1983 (1885)
52,ATO,Atmos Energy,Utilities,Gas Utilities,2019-02-15,731802,1906
53,ADSK,Autodesk,Information Technology,Application Software,1989-12-01,769397,1982
54,AZO,AutoZone,Consumer Discretionary,Specialty Stores,1997-01-02,866787,1979
55,AVB,AvalonBay Communities,Real Estate,Residential REITs,2007-01-10,915912,1978
56,AVY,Avery Dennison,Materials,Paper Packaging,1987-12-31,8818,1990
57,BKR,Baker Hughes,Energy,Oil & Gas Equipment & Services,2017-07-07,1701605,2017
58,BALL,Ball Corporation,Materials,Metal & Glass Containers,1984-10-31,9389,1880
59,BAC,Bank of America,Financials,Diversified Banks,1976-06-30,70858,1998 (1923 / 1874)
60,BBWI,"Bath & Body Works, Inc.",Consumer Discretionary,Specialty Stores,1983-09-30,701985,1963
61,BAX,Baxter International,Health Care,Health Care Equipment,1972-09-30,10456,1931
62,BDX,Becton Dickinson,Health Care,Health Care Equipment,1972-09-30,10795,1897
63,WRB,Berkley,Financials,Property & Casualty Insurance,2019-12-05,11544,1967
64,BRK.B,Berkshire Hathaway,Financials,Multi-Sector Holdings,2010-02-16,1067983,1839
65,BBY,Best Buy,Consumer Discretionary,Computer & Electronics Retail,1999-06-29,764478,1966
66,BIO,Bio-Rad,Health Care,Life Sciences Tools & Services,2020-06-22,12208,1952
67,TECH,Bio-Techne,Health Care,Life Sciences Tools & Services,2021-08-30,842023,1976
68,BIIB,Biogen,Health Care,Biotechnology,2003-11-13,875045,1978
69,BLK,BlackRock,Financials,Asset Management & Custody Banks,2011-04-04,1364742,1988
70,BK,BNY Mellon,Financials,Asset Management & Custody Banks,1995-03-31,1390777,1784
71,BA,Boeing,Industrials,Aerospace & Defense,1957-03-04,12927,1916
72,BKNG,Booking Holdings,Consumer Discretionary,Internet & Direct Marketing Retail,2009-11-06,1075531,1996
73,BWA,BorgWarner,Consumer Discretionary,Auto Parts & Equipment,2011-12-19,908255,1880
74,BXP,Boston Properties,Real Estate,Office REITs,2006-04-03,1037540,1970
75,BSX,Boston Scientific,Health Care,Health Care Equipment,1995-02-24,885725,1979
76,BMY,Bristol Myers Squibb,Health Care,Health Care Distributors,1957-03-04,14272,1989
77,AVGO,Broadcom Inc.,Information Technology,Semiconductors,2014-05-08,1730168,1961
78,BR,Broadridge Financial Solutions,Information Technology,Data Processing & Outsourced Services,2018-06-18,1383312,1962
79,BRO,Brown & Brown,Financials,Insurance Brokers,2021-09-20,79282,1939
80,BF.B,Brown–Forman,Consumer Staples,Distillers & Vintners,1982-10-31,14693,1870
81,CHRW,C.H. Robinson,Industrials,Air Freight & Logistics,2007-03-02,1043277,1905
82,CDNS,Cadence Design Systems,Information Technology,Application Software,2017-09-18,813672,1988
83,CZR,Caesars Entertainment,Consumer Discretionary,Casinos & Gaming,2021-03-22,1590895,1973
84,CPT,Camden Property Trust,Real Estate,Residential REITs,2022-04-04,906345,1981
85,CPB,Campbell Soup Company,Consumer Staples,Packaged Foods & Meats,1957-03-04,16732,1869
86,COF,Capital One,Financials,Consumer Finance,1998-07-01,927628,1994
87,CAH,Cardinal Health,Health Care,Health Care Distributors,1997-05-27,721371,1971
88,KMX,CarMax,Consumer Discretionary,Specialty Stores,2010-06-28,1170010,1993
89,CCL,Carnival,Consumer Discretionary,"Hotels, Resorts & Cruise Lines",1998-12-22,815097,1972
90,CARR,Carrier Global,Industrials,Building Products,2020-04-03,1783180,2020 (1915)
91,CTLT,Catalent,Health Care,Pharmaceuticals,2020-09-21,1596783,2007
92,CAT,Caterpillar Inc.,Industrials,Construction Machinery & Heavy Trucks,1957-03-04,18230,1925
93,CBOE,Cboe Global Markets,Financials,Financial Exchanges & Data,2017-03-01,1374310,1973
94,CBRE,CBRE Group,Real Estate,Real Estate Services,2006-11-10,1138118,1906
95,CDW,CDW,Information Technology,Technology Distributors,2019-09-23,1402057,1984
96,CE,Celanese,Materials,Specialty Chemicals,2018-12-24,1306830,1918
97,CNC,Centene Corporation,Health Care,Managed Health Care,2016-03-30,1071739,1984
98,CNP,CenterPoint Energy,Utilities,Multi-Utilities,1985-07-31,1130310,1882
99,CDAY,Ceridian,Information Technology,Application Software,2021-09-20,1725057,1992
100,CF,CF Industries,Materials,Fertilizers & Agricultural Chemicals,2008-08-27,1324404,1946
101,CRL,Charles River Laboratories,Health Care,Life Sciences Tools & Services,2021-05-14,1100682,1947
102,SCHW,Charles Schwab Corporation,Financials,Investment Banking & Brokerage,1997-06-02,316709,1971
103,CHTR,Charter Communications,Communication Services,Cable & Satellite,2016-09-08,1091667,1993
104,CVX,Chevron Corporation,Energy,Integrated Oil & Gas,1957-03-04,93410,1879
105,CMG,Chipotle Mexican Grill,Consumer Discretionary,Restaurants,2011-04-28,1058090,1993
106,CB,Chubb Limited,Financials,Property & Casualty Insurance,2010-07-15,896159,1985
107,CHD,Church & Dwight,Consumer Staples,Household Products,2015-12-29,313927,1847
108,CI,Cigna,Health Care,Managed Health Care,1976-06-30,1739940,1982
109,CINF,Cincinnati Financial,Financials,Property & Casualty Insurance,1997-12-18,20286,1950
110,CTAS,Cintas,Industrials,Diversified Support Services,2001-03-01,723254,1929
111,CSCO,Cisco,Information Technology,Communications Equipment,1993-12-01,858877,1984
112,C,Citigroup,Financials,Diversified Banks,1988-05-31,831001,1998
113,CFG,Citizens Financial Group,Financials,Regional Banks,2016-01-29,759944,1828
114,CTXS,Citrix,Information Technology,Application Software,1999-12-01,877890,1989
115,CLX,Clorox,Consumer Staples,Household Products,1969-03-31,21076,1913
116,CME,CME Group,Financials,Financial Exchanges & Data,2006-08-11,1156375,1848
117,CMS,CMS Energy,Utilities,Multi-Utilities,1999-05-03,811156,1886
118,KO,The Coca-Cola Company,Consumer Staples,Soft Drinks,1957-03-04,21344,1886
119,CTSH,Cognizant,Information Technology,IT Consulting & Other Services,2006-11-17,1058290,1994
120,CL,Colgate-Palmolive,Consumer Staples,Household Products,1957-03-04,21665,1806
121,CMCSA,Comcast,Communication Services,Cable & Satellite,2002-11-19,1166691,1963
122,CMA,Comerica,Financials,Diversified Banks,1995-12-01,28412,1849
123,CAG,Conagra Brands,Consumer Staples,Packaged Foods & Meats,1983-08-31,23217,1919
124,COP,ConocoPhillips,Energy,Oil & Gas Exploration & Production,1957-03-04,1163165,2002
125,ED,Consolidated Edison,Utilities,Electric Utilities,,1047862,1823
126,STZ,Constellation Brands,Consumer Staples,Distillers & Vintners,2005-07-01,16918,1945
127,CEG,Constellation Energy,Utilities,Multi-Utilities,2022-02-02,1868275,1999
128,COO,CooperCompanies,Health Care,Health Care Supplies,2016-09-23,711404,1958
129,CPRT,Copart,Industrials,Diversified Support Services,2018-07-02,900075,1982
130,GLW,Corning Inc.,Information Technology,Electronic Components,,24741,1851
131,CTVA,Corteva,Materials,Fertilizers & Agricultural Chemicals,2019-06-03,1755672,2019
132,COST,Costco,Consumer Staples,Hypermarkets & Super Centers,1993-10-01,909832,1976
133,CTRA,Coterra,Energy,Oil & Gas Exploration & Production,2008-06-23,858470,2021 (1989)
134,CCI,Crown Castle,Real Estate,Specialized REITs,2012-03-14,1051470,1994
135,CSX,CSX,Industrials,Railroads,1967-09-30,277948,1980
136,CMI,Cummins,Industrials,Industrial Machinery,1965-03-31,26172,1919
137,CVS,CVS Health,Health Care,Health Care Services,1957-03-04,64803,1996
138,DHI,D.R. Horton,Consumer Discretionary,Homebuilding,2005-06-22,882184,1978
139,DHR,Danaher Corporation,Health Care,Health Care Equipment,,313616,1969
140,DRI,Darden Restaurants,Consumer Discretionary,Restaurants,,940944,1938
141,DVA,DaVita Inc.,Health Care,Health Care Facilities,2008-07-31,927066,1979
142,DE,John Deere,Industrials,Agricultural & Farm Machinery,1957-03-04,315189,1837
143,DAL,Delta Air Lines,Industrials,Airlines,2013-09-11,27904,1929
144,XRAY,Dentsply Sirona,Health Care,Health Care Supplies,2008-11-14,818479,2016 (1969)
145,DVN,Devon Energy,Energy,Oil & Gas Exploration & Production,2000-08-30,1090012,1971
146,DXCM,Dexcom,Health Care,Health Care Equipment,2020-05-12,1093557,1999
147,FANG,Diamondback Energy,Energy,Oil & Gas Exploration & Production,2018-12-03,1539838,2007
148,DLR,Digital Realty,Real Estate,Specialized REITs,2016-05-18,1297996,2004
149,DFS,Discover Financial,Financials,Consumer Finance,2007-07-02,1393612,1985
150,DISH,Dish Network,Communication Services,Cable & Satellite,2017-03-13,1001082,1980
151,DIS,Disney,Communication Services,Movies & Entertainment,1976-06-30,1744489,1923
152,DG,Dollar General,Consumer Discretionary,General Merchandise Stores,2012-12-03,29534,1939
153,DLTR,Dollar Tree,Consumer Discretionary,General Merchandise Stores,2011-12-19,935703,1986
154,D,Dominion Energy,Utilities,Electric Utilities,,715957,1983
155,DPZ,Domino's,Consumer Discretionary,Restaurants,2020-05-12,1286681,1960
156,DOV,Dover Corporation,Industrials,Industrial Machinery,1985-10-31,29905,1955
157,DOW,Dow Inc.,Materials,Commodity Chemicals,2019-04-01,1751788,2019
158,DTE,DTE Energy,Utilities,Multi-Utilities,1957-03-04,936340,1995
159,DUK,Duke Energy,Utilities,Electric Utilities,1976-06-30,1326160,1904
160,DRE,Duke Realty,Real Estate,Industrial REITs,2017-07-26,783280,1972
161,DD,DuPont,Materials,Specialty Chemicals,2019-04-02,1666700,2017
162,DXC,DXC Technology,Information Technology,IT Consulting & Other Services,2017-04-04,1688568,2017
163,EMN,Eastman Chemical Company,Materials,Diversified Chemicals,1994-01-01,915389,1920
164,ETN,Eaton Corporation,Industrials,Electrical Components & Equipment,,1551182,1911
165,EBAY,eBay,Consumer Discretionary,Internet & Direct Marketing Retail,2002-07-22,1065088,1995
166,ECL,Ecolab,Materials,Specialty Chemicals,1989-01-31,31462,1923
167,EIX,Edison International,Utilities,Electric Utilities,1957-03-04,827052,1886
168,EW,Edwards Lifesciences,Health Care,Health Care Equipment,2011-04-01,1099800,1958
169,EA,Electronic Arts,Communication Services,Interactive Home Entertainment,2002-07-22,712515,1982
170,ELV,Elevance Health,Health Care,Managed Health Care,2002-07-25,1156039,2014 (1946)
171,LLY,Eli Lilly and Company,Health Care,Pharmaceuticals,1970-12-31,59478,1876
172,EMR,Emerson Electric,Industrials,Electrical Components & Equipment,1965-03-31,32604,1890
173,ENPH,Enphase,Information Technology,Electronic Components,2021-01-07,1463101,2006
174,ETR,Entergy,Utilities,Electric Utilities,1957-03-04,65984,1913
175,EOG,EOG Resources,Energy,Oil & Gas Exploration & Production,2000-11-02,821189,1999
176,EPAM,EPAM Systems,Information Technology,IT Consulting & Other Services,2021-12-14,1352010,1993
177,EFX,Equifax,Industrials,Research & Consulting Services,1997-06-19,33185,1899
178,EQIX,Equinix,Real Estate,Specialized REITs,2015-03-20,1101239,1998
179,EQR,Equity Residential,Real Estate,Residential REITs,2001-12-03,906107,1969
180,ESS,Essex Property Trust,Real Estate,Residential REITs,2014-04-02,920522,1971
181,EL,The Estée Lauder Companies,Consumer Staples,Personal Products,2006-01-05,1001250,1946
182,ETSY,Etsy,Consumer Discretionary,Internet & Direct Marketing Retail,2020-09-21,1370637,2005
183,RE,Everest Re,Financials,Reinsurance,2017-06-19,1095073,1973
184,EVRG,Evergy,Utilities,Electric Utilities,2018-06-05,1711269,1909
185,ES,Eversource,Utilities,Multi-Utilities,2009,72741,1966
186,EXC,Exelon,Utilities,Multi-Utilities,1957-03-04,1109357,2000
187,EXPE,Expedia Group,Consumer Discretionary,Internet & Direct Marketing Retail,2007-10-02,1324424,1996
188,EXPD,Expeditors International,Industrials,Air Freight & Logistics,2007-10-10,746515,1979
189,EXR,Extra Space Storage,Real Estate,Specialized REITs,2016-01-19,1289490,1977
190,XOM,ExxonMobil,Energy,Integrated Oil & Gas,1957-03-04,34088,1999
191,FFIV,"F5, Inc.",Information Technology,Communications Equipment,2010-12-20,1048695,1996
192,FDS,FactSet,Financials,Financial Exchanges & Data,2021-12-20,1013237,1978
193,FAST,Fastenal,Industrials,Building Products,2008-09-15,815556,1967
194,FRT,Federal Realty,Real Estate,Retail REITs,2016-02-01,34903,1962
195,FDX,FedEx,Industrials,Air Freight & Logistics,1980-12-31,1048911,1971
196,FITB,Fifth Third Bank,Financials,Regional Banks,,35527,1858
197,FRC,First Republic Bank,Financials,Regional Banks,2019-01-02,1132979,1985
198,FE,FirstEnergy,Utilities,Electric Utilities,,1031296,1997
199,FIS,FIS,Information Technology,Data Processing & Outsourced Services,2006-11-10,1136893,1968
200,FISV,Fiserv,Information Technology,Data Processing & Outsourced Services,2001-04-02,798354,1984
201,FLT,Fleetcor,Information Technology,Data Processing & Outsourced Services,2018-06-20,1175454,2000
202,FMC,FMC Corporation,Materials,Fertilizers & Agricultural Chemicals,2009-08-19,37785,1883
203,F,Ford Motor Company,Consumer Discretionary,Automobile Manufacturers,1957-03-04,37996,1903
204,FTNT,Fortinet,Information Technology,Systems Software,2018-10-11,1262039,2000
205,FTV,Fortive,Industrials,Industrial Machinery,2016-07-01,1659166,2016
206,FBHS,Fortune Brands Home & Security,Industrials,Building Products,2016-06-22,1519751,2011 (1969)
207,FOXA,Fox Corporation (Class A),Communication Services,Movies & Entertainment,2013-07-01,1754301,2019
208,FOX,Fox Corporation (Class B),Communication Services,Movies & Entertainment,2015-09-18,1754301,2019
209,BEN,Franklin Templeton,Financials,Asset Management & Custody Banks,,38777,1947
210,FCX,Freeport-McMoRan,Materials,Copper,,831259,1912
211,GRMN,Garmin,Consumer Discretionary,Consumer Electronics,2012-12-12,1121788,1989
212,IT,Gartner,Information Technology,IT Consulting & Other Services,2017-04-05,749251,1979
213,GNRC,Generac,Industrials,Electrical Components & Equipment,2021-03-22,1474735,1959
214,GD,General Dynamics,Industrials,Aerospace & Defense,1957-03-04,40533,1899
215,GE,General Electric,Industrials,Industrial Conglomerates,,40545,1892
216,GIS,General Mills,Consumer Staples,Packaged Foods & Meats,1969-03-31,40704,1856
217,GM,General Motors,Consumer Discretionary,Automobile Manufacturers,2013-06-06,1467858,1908
218,GPC,Genuine Parts Company,Consumer Discretionary,Specialty Stores,1973-12-31,40987,1925
219,GILD,Gilead Sciences,Health Care,Biotechnology,2004-07-01,882095,1987
220,GL,Globe Life,Financials,Life & Health Insurance,1989-04-30,320335,1900
221,GPN,Global Payments,Information Technology,Data Processing & Outsourced Services,2016-04-25,1123360,2000
222,GS,Goldman Sachs,Financials,Investment Banking & Brokerage,2002-07-22,886982,1869
223,HAL,Halliburton,Energy,Oil & Gas Equipment & Services,1957-03-04,45012,1919
224,HIG,Hartford (The),Financials,Property & Casualty Insurance,1957-03-04,874766,1810
225,HAS,Hasbro,Consumer Discretionary,Leisure Products,1984-09-30,46080,1923
226,HCA,HCA Healthcare,Health Care,Health Care Facilities,2015-01-27,860730,1968
227,PEAK,Healthpeak,Real Estate,Health Care REITs,2008-03-31,765880,1985
228,HSIC,Henry Schein,Health Care,Health Care Distributors,2015-03-17,1000228,1932
229,HSY,Hershey's,Consumer Staples,Packaged Foods & Meats,1957-03-04,47111,1894
230,HES,Hess Corporation,Energy,Integrated Oil & Gas,1984-05-31,4447,1919
231,HPE,Hewlett Packard Enterprise,Information Technology,"Technology Hardware, Storage & Peripherals",2015-11-02,1645590,2015
232,HLT,Hilton Worldwide,Consumer Discretionary,"Hotels, Resorts & Cruise Lines",2017-06-19,1585689,1919
233,HOLX,Hologic,Health Care,Health Care Equipment,2016-03-30,859737,1985
234,HD,The Home Depot,Consumer Discretionary,Home Improvement Retail,1988-03-31,354950,1978
235,HON,Honeywell,Industrials,Industrial Conglomerates,1964-03-31,773840,1906
236,HRL,Hormel Foods,Consumer Staples,Packaged Foods & Meats,2009-03-04,48465,1891
237,HST,Host Hotels & Resorts,Real Estate,Hotel & Resort REITs,2007-03-20,1070750,1993
238,HWM,Howmet Aerospace,Industrials,Aerospace & Defense,1964-03-31,4281,2016
239,HPQ,HP Inc.,Information Technology,"Technology Hardware, Storage & Peripherals",1974-12-31,47217,1939 (2015)
240,HUM,Humana,Health Care,Managed Health Care,,49071,1961
241,HBAN,Huntington Bancshares,Financials,Regional Banks,,49196,1866
242,HII,Huntington Ingalls Industries,Industrials,Aerospace & Defense,2018-01-03,1501585,2011
243,IBM,IBM,Information Technology,IT Consulting & Other Services,1957-03-04,51143,1911
244,IEX,IDEX Corporation,Industrials,Industrial Machinery,2019-08-09,832101,1988
245,IDXX,Idexx Laboratories,Health Care,Health Care Equipment,2017-01-05,874716,1983
246,ITW,Illinois Tool Works,Industrials,Industrial Machinery,1986-02-28,49826,1912
247,ILMN,Illumina,Health Care,Life Sciences Tools & Services,2015-11-19,1110803,1998
248,INCY,Incyte,Health Care,Biotechnology,2017-02-28,879169,1991
249,IR,Ingersoll Rand,Industrials,Industrial Machinery,2020-03-03,1699150,1859
250,INTC,Intel,Information Technology,Semiconductors,1976-12-31,50863,1968
251,ICE,Intercontinental Exchange,Financials,Financial Exchanges & Data,2007-09-26,1571949,2000
252,IP,International Paper,Materials,Paper Packaging,1957-03-04,51434,1898
253,IPG,The Interpublic Group of Companies,Communication Services,Advertising,1992-10-01,51644,1961 (1930)
254,IFF,International Flavors & Fragrances,Materials,Specialty Chemicals,1976-03-31,51253,1958 (1889)
255,INTU,Intuit,Information Technology,Application Software,2000-12-05,896878,1983
256,ISRG,Intuitive Surgical,Health Care,Health Care Equipment,2008-06-02,1035267,1995
257,IVZ,Invesco,Financials,Asset Management & Custody Banks,2008-08-21,914208,1935
258,IQV,IQVIA,Health Care,Life Sciences Tools & Services,2017-08-29,1478242,1982
259,IRM,Iron Mountain,Real Estate,Specialized REITs,2009-01-06,1020569,1951
260,JBHT,J.B. Hunt,Industrials,Trucking,2015-07-01,728535,1961
261,JKHY,Jack Henry & Associates,Information Technology,Data Processing & Outsourced Services,2018-11-13,779152,1976
262,J,Jacobs Engineering Group,Industrials,Construction & Engineering,2007-10-26,52988,1947
263,JNJ,Johnson & Johnson,Health Care,Pharmaceuticals,1973-06-30,200406,1886
264,JCI,Johnson Controls,Industrials,Building Products,2010-08-27,833444,1885
265,JPM,JPMorgan Chase,Financials,Diversified Banks,1975-06-30,19617,2000 (1799 / 1871)
266,JNPR,Juniper Networks,Information Technology,Communications Equipment,2006-06-02,1043604,1996
267,K,Kellogg's,Consumer Staples,Packaged Foods & Meats,1989-09-11,55067,1906
268,KDP,Keurig Dr Pepper,Consumer Staples,Soft Drinks,2022-06-21,1418135,1981
269,KEY,KeyCorp,Financials,Regional Banks,1994-03-01,91576,1825
270,KEYS,Keysight,Information Technology,Electronic Equipment & Instruments,2018-11-06,1601046,2014
271,KMB,Kimberly-Clark,Consumer Staples,Household Products,1957-03-04,55785,1872
272,KIM,Kimco Realty,Real Estate,Retail REITs,2006-04-04,879101,1958
273,KMI,Kinder Morgan,Energy,Oil & Gas Storage & Transportation,2012-05-25,1506307,1997
274,KLAC,KLA Corporation,Information Technology,Semiconductor Equipment,,319201,1975/1977 (1997)
275,KHC,Kraft Heinz,Consumer Staples,Packaged Foods & Meats,2015-07-06,1637459,2015 (1869)
276,KR,Kroger,Consumer Staples,Food Retail,1957-03-04,56873,1883
277,LHX,L3Harris,Industrials,Aerospace & Defense,2008-09-22,202058,2019 (1895)
278,LH,LabCorp,Health Care,Health Care Services,2004-11-01,920148,1978
279,LRCX,Lam Research,Information Technology,Semiconductor Equipment,2012-06-29,707549,1980
280,LW,Lamb Weston,Consumer Staples,Packaged Foods & Meats,2018-12-03,1679273,2016 (1950)
281,LVS,Las Vegas Sands,Consumer Discretionary,Casinos & Gaming,2019-10-03,1300514,1988
282,LDOS,Leidos,Industrials,Diversified Support Services,2019-08-09,1336920,1969
283,LEN,Lennar,Consumer Discretionary,Homebuilding,2005-10-04,920760,1954
284,LNC,Lincoln Financial,Financials,Multi-line Insurance,1976-06-30,59558,1905
285,LIN,Linde plc,Materials,Industrial Gases,1992-07-01,1707925,1879
286,LYV,Live Nation Entertainment,Communication Services,Movies & Entertainment,2019-12-23,1335258,2010
287,LKQ,LKQ Corporation,Consumer Discretionary,Distributors,2016-05-23,1065696,1998
288,LMT,Lockheed Martin,Industrials,Aerospace & Defense,1984-07-31,936468,1995
289,L,Loews Corporation,Financials,Multi-line Insurance,,60086,1959
290,LOW,Lowe's,Consumer Discretionary,Home Improvement Retail,1984-02-29,60667,1904/1946/1959
291,LUMN,Lumen Technologies,Communication Services,Alternative Carriers,1999-03-25,18926,1983 (1877)
292,LYB,LyondellBasell,Materials,Specialty Chemicals,2012-09-05,1489393,2007
293,MTB,M&T Bank,Financials,Regional Banks,2004-02-23,36270,1856
294,MRO,Marathon Oil,Energy,Oil & Gas Exploration & Production,1991-05-01,101778,1887
295,MPC,Marathon Petroleum,Energy,Oil & Gas Refining & Marketing,2011-07-01,1510295,2009 (1887)
296,MKTX,MarketAxess,Financials,Financial Exchanges & Data,2019-07-01,1278021,2000
297,MAR,Marriott International,Consumer Discretionary,"Hotels, Resorts & Cruise Lines",,1048286,1927
298,MMC,Marsh McLennan,Financials,Insurance Brokers,1987-08-31,62709,1905
299,MLM,Martin Marietta Materials,Materials,Construction Materials,2014-07-02,916076,1993
300,MAS,Masco,Industrials,Building Products,1981-06-30,62996,1929
301,MA,Mastercard,Information Technology,Data Processing & Outsourced Services,2008-07-18,1141391,1966
302,MTCH,Match Group,Communication Services,Interactive Media & Services,2021-09-20,891103,1986
303,MKC,McCormick & Company,Consumer Staples,Packaged Foods & Meats,2003-03-20,63754,1889
304,MCD,McDonald's,Consumer Discretionary,Restaurants,1970-06-30,63908,1940
305,MCK,McKesson,Health Care,Health Care Distributors,,927653,1833
306,MDT,Medtronic,Health Care,Health Care Equipment,1986-10-31,1613103,1949
307,MRK,Merck & Co.,Health Care,Pharmaceuticals,1957-03-04,310158,1891
308,META,Meta Platforms,Communication Services,Interactive Media & Services,2013-12-23,1326801,2004
309,MET,MetLife,Financials,Life & Health Insurance,,1099219,1868
310,MTD,Mettler Toledo,Health Care,Life Sciences Tools & Services,2016-09-06,1037646,1945
311,MGM,MGM Resorts,Consumer Discretionary,Casinos & Gaming,2017-07-26,789570,1986
312,MCHP,Microchip Technology,Information Technology,Semiconductors,2007-09-07,827054,1989
313,MU,Micron Technology,Information Technology,Semiconductors,1994-09-27,723125,1978
314,MSFT,Microsoft,Information Technology,Systems Software,1994-06-01,789019,1975
315,MAA,Mid-America Apartment Communities,Real Estate,Residential REITs,2016-12-02,912595,1977
316,MRNA,Moderna,Health Care,Biotechnology,2021-07-21,1682852,2010
317,MHK,Mohawk Industries,Consumer Discretionary,Home Furnishings,2013-12-23,851968,1878
318,MOH,Molina Healthcare,Health Care,Managed Health Care,2022-03-02,1179929,1980
319,TAP,Molson Coors Beverage Company,Consumer Staples,Brewers,1976-06-30,24545,"2005 (Molson 1786, Coors 1873)"
320,MDLZ,Mondelez International,Consumer Staples,Packaged Foods & Meats,2012-10-02,1103982,2012
321,MPWR,Monolithic Power Systems,Information Technology,Semiconductors,2021-02-12,1280452,1997
322,MNST,Monster Beverage,Consumer Staples,Soft Drinks,2012-06-28,865752,2012 (1935)
323,MCO,Moody's Corporation,Financials,Financial Exchanges & Data,,1059556,1909
324,MS,Morgan Stanley,Financials,Investment Banking & Brokerage,,895421,1935
325,MOS,The Mosaic Company,Materials,Fertilizers & Agricultural Chemicals,2011-09-26,1285785,2004 (1865 / 1909)
326,MSI,Motorola Solutions,Information Technology,Communications Equipment,,68505,1928 (2011)
327,MSCI,MSCI,Financials,Financial Exchanges & Data,2018-04-04,1408198,1969
328,NDAQ,"Nasdaq, Inc.",Financials,Financial Exchanges & Data,2008-10-22,1120193,1971
329,NTAP,NetApp,Information Technology,"Technology Hardware, Storage & Peripherals",1999-06-25,1002047,1992
330,NFLX,Netflix,Communication Services,Movies & Entertainment,2010-12-20,1065280,1997
331,NWL,Newell Brands,Consumer Discretionary,Housewares & Specialties,1989-04-30,814453,1903
332,NEM,Newmont,Materials,Gold,1969-06-30,1164727,1921
333,NWSA,News Corp (Class A),Communication Services,Publishing,2013-08-01,1564708,2013 (1980)
334,NWS,News Corp (Class B),Communication Services,Publishing,2015-09-18,1564708,2013 (1980)
335,NEE,NextEra Energy,Utilities,Multi-Utilities,1976-06-30,753308,1984 (1925)
336,NLSN,Nielsen Holdings,Industrials,Research & Consulting Services,2013-07-09,1492633,1923
337,NKE,"Nike, Inc.",Consumer Discretionary,"Apparel, Accessories & Luxury Goods",1988-11-30,320187,1964
338,NI,NiSource,Utilities,Multi-Utilities,,1111711,1912
339,NDSN,Nordson Corporation,Industrials,Industrial Machinery,2022-02-15,72331,1935
340,NSC,Norfolk Southern Railway,Industrials,Railroads,1957-03-04,702165,1881/1894 (1980)
341,NTRS,Northern Trust,Financials,Asset Management & Custody Banks,,73124,1889
342,NOC,Northrop Grumman,Industrials,Aerospace & Defense,1985-06-30,1133421,"1994 (Northrop 1939, Grumman 1930)"
343,NLOK,NortonLifeLock,Information Technology,Application Software,2003-03-25,849399,1982
344,NCLH,Norwegian Cruise Line Holdings,Consumer Discretionary,"Hotels, Resorts & Cruise Lines",2017-10-13,1513761,2011 (1966)
345,NRG,NRG Energy,Utilities,Independent Power Producers & Energy Traders,2010-01-29,1013871,1992
346,NUE,Nucor,Materials,Steel,1985-04-30,73309,1940
347,NVDA,Nvidia,Information Technology,Semiconductors,2001-11-30,1045810,1993
348,NVR,"NVR, Inc.",Consumer Discretionary,Homebuilding,2019-09-26,906163,1980
349,NXPI,NXP Semiconductors,Information Technology,Semiconductors,2021-03-22,1413447,1953
350,ORLY,O'Reilly Auto Parts,Consumer Discretionary,Specialty Stores,2009-03-27,898173,1957
351,OXY,Occidental Petroleum,Energy,Oil & Gas Exploration & Production,1982-12-31,797468,1920
352,ODFL,Old Dominion,Industrials,Trucking,2019-12-09,878927,1934
353,OMC,Omnicom Group,Communication Services,Advertising,,29989,1986
354,ON,ON Semiconductor,Information Technology,Semiconductors,2022-06-21,1097864,1999
355,OKE,Oneok,Energy,Oil & Gas Storage & Transportation,2010-03-15,1039684,1906
356,ORCL,Oracle Corporation,Information Technology,Application Software,1989-08-31,1341439,1977
357,OGN,Organon & Co.,Health Care,Pharmaceuticals,2021-06-03,1821825,2021
358,OTIS,Otis Worldwide,Industrials,Industrial Machinery,2020-04-03,1781335,2020 (1853)
359,PCAR,Paccar,Industrials,Construction Machinery & Heavy Trucks,1980-12-31,75362,1905
360,PKG,Packaging Corporation of America,Materials,Paper Packaging,2017-07-26,75677,1959
361,PARA,Paramount Global,Communication Services,Movies & Entertainment,,813828,2019 (1952)
362,PH,Parker Hannifin,Industrials,Industrial Machinery,1985-11-30,76334,1917
363,PAYX,Paychex,Information Technology,Data Processing & Outsourced Services,,723531,1971
364,PAYC,Paycom,Information Technology,Application Software,2020-01-28,1590955,1998
365,PYPL,PayPal,Information Technology,Data Processing & Outsourced Services,2015-07-20,1633917,1998
366,PENN,Penn National Gaming,Consumer Discretionary,Casinos & Gaming,2021-03-22,921738,1972
367,PNR,Pentair,Industrials,Industrial Machinery,2012-10-01,77360,1966
368,PEP,PepsiCo,Consumer Staples,Soft Drinks,1957-03-04,77476,1898
369,PKI,PerkinElmer,Health Care,Health Care Equipment,1985-05-31,31791,1937
370,PFE,Pfizer,Health Care,Pharmaceuticals,1957-03-04,78003,1849
371,PM,Philip Morris International,Consumer Staples,Tobacco,2008-03-31,1413329,2008 (1847)
372,PSX,Phillips 66,Energy,Oil & Gas Refining & Marketing,2012-05-01,1534701,2012 (1917)
373,PNW,Pinnacle West,Utilities,Multi-Utilities,,764622,1985
374,PXD,Pioneer Natural Resources,Energy,Oil & Gas Exploration & Production,2008-09-24,1038357,1997
375,PNC,PNC Financial Services,Financials,Regional Banks,1988-04-30,713676,1845
376,POOL,Pool Corporation,Consumer Discretionary,Distributors,2020-10-07,945841,1993
377,PPG,PPG Industries,Materials,Specialty Chemicals,1957-03-04,79879,1883
378,PPL,PPL Corporation,Utilities,Electric Utilities,,922224,1920
379,PFG,Principal Financial Group,Financials,Life & Health Insurance,2002-07-22,1126328,1879
380,PG,Procter & Gamble,Consumer Staples,Personal Products,1957-03-04,80424,1837
381,PGR,Progressive Corporation,Financials,Property & Casualty Insurance,1997-08-04,80661,1937
382,PLD,Prologis,Real Estate,Industrial REITs,2003-07-17,1045609,1983
383,PRU,Prudential Financial,Financials,Life & Health Insurance,2002-07-22,1137774,1875
384,PEG,Public Service Enterprise Group,Utilities,Electric Utilities,1957-03-04,788784,1903
385,PTC,PTC,Information Technology,Application Software,2021-04-20,857005,1985
386,PSA,Public Storage,Real Estate,Specialized REITs,2005-08-19,1393311,1972
387,PHM,PulteGroup,Consumer Discretionary,Homebuilding,1984-04-30,822416,1956
388,PVH,PVH,Consumer Discretionary,"Apparel, Accessories & Luxury Goods",2013-02-15,78239,1881
389,QRVO,Qorvo,Information Technology,Semiconductors,2015-06-11,1604778,2015
390,PWR,Quanta Services,Industrials,Construction & Engineering,2009-07-01,1050915,1997
391,QCOM,Qualcomm,Information Technology,Semiconductors,,804328,1985
392,DGX,Quest Diagnostics,Health Care,Health Care Services,2002-12-12,1022079,1967
393,RL,Ralph Lauren Corporation,Consumer Discretionary,"Apparel, Accessories & Luxury Goods",2007-02-02,1037038,1967
394,RJF,Raymond James,Financials,Investment Banking & Brokerage,2017-03-20,720005,1962
395,RTX,Raytheon Technologies,Industrials,Aerospace & Defense,,101829,1922
396,O,Realty Income,Real Estate,Retail REITs,2015-04-07,726728,1969
397,REG,Regency Centers,Real Estate,Retail REITs,2017-03-02,910606,1963
398,REGN,Regeneron,Health Care,Biotechnology,2013-05-01,872589,1988
399,RF,Regions Financial Corporation,Financials,Regional Banks,1998-08-28,1281761,1971
400,RSG,Republic Services,Industrials,Environmental & Facilities Services,2008-12-05,1060391,1998 (1981)
401,RMD,ResMed,Health Care,Health Care Equipment,2017-07-26,943819,1989
402,RHI,Robert Half,Industrials,Human Resource & Employment Services,2000-12-05,315213,1948
403,ROK,Rockwell Automation,Industrials,Electrical Components & Equipment,,1024478,1903
404,ROL,"Rollins, Inc.",Industrials,Environmental & Facilities Services,2018-10-01,84839,1948
405,ROP,Roper Technologies,Industrials,Industrial Conglomerates,2009-12-23,882835,1981
406,ROST,Ross Stores,Consumer Discretionary,Apparel Retail,2009-12-21,745732,1982
407,RCL,Royal Caribbean Group,Consumer Discretionary,"Hotels, Resorts & Cruise Lines",2014-12-05,884887,1997
408,SPGI,S&P Global,Financials,Financial Exchanges & Data,,64040,1917
409,CRM,Salesforce,Information Technology,Application Software,2008-09-15,1108524,1999
410,SBAC,SBA Communications,Real Estate,Specialized REITs,2017-09-01,1034054,1989
411,SLB,Schlumberger,Energy,Oil & Gas Equipment & Services,1965-03-31,87347,1926
412,STX,Seagate Technology,Information Technology,"Technology Hardware, Storage & Peripherals",2012-07-02,1137789,1979
413,SEE,Sealed Air,Materials,Paper Packaging,1957-03-04,1012100,1960
414,SRE,Sempra Energy,Utilities,Multi-Utilities,,1032208,1998
415,NOW,ServiceNow,Information Technology,Systems Software,2019-11-21,1373715,2003
416,SHW,Sherwin-Williams,Materials,Specialty Chemicals,1964-06-30,89800,1866
417,SBNY,Signature Bank,Financials,Regional Banks,2021-12-20,1288784,2001
418,SPG,Simon Property Group,Real Estate,Retail REITs,2002-06-26,1063761,2003
419,SWKS,Skyworks Solutions,Information Technology,Semiconductors,2015-03-12,4127,2002
420,SJM,The J.M. Smucker Company,Consumer Staples,Packaged Foods & Meats,2008-11-06,91419,1897
421,SNA,Snap-on,Industrials,Industrial Machinery,1982-09-30,91440,1920
422,SEDG,SolarEdge,Information Technology,Semiconductor Equipment,2021-12-20,1419612,2006
423,SO,Southern Company,Utilities,Electric Utilities,1957-03-04,92122,1945
424,LUV,Southwest Airlines,Industrials,Airlines,1994-07-01,92380,1967
425,SWK,Stanley Black & Decker,Industrials,Industrial Machinery,1982-09-30,93556,1843
426,SBUX,Starbucks,Consumer Discretionary,Restaurants,2000-06-07,829224,1971
427,STT,State Street Corporation,Financials,Asset Management & Custody Banks,,93751,1792
428,STE,Steris,Health Care,Health Care Equipment,2019-12-23,1757898,1985
429,SYK,Stryker Corporation,Health Care,Health Care Equipment,2000-12-12,310764,1941
430,SIVB,SVB Financial,Financials,Regional Banks,2018-03-19,719739,1983
431,SYF,Synchrony Financial,Financials,Consumer Finance,2015-11-18,1601712,2003
432,SNPS,Synopsys,Information Technology,Application Software,2017-03-16,883241,1986
433,SYY,Sysco,Consumer Staples,Food Distributors,1986-12-31,96021,1969
434,TMUS,T-Mobile US,Communication Services,Wireless Telecommunication Services,2019-07-15,1283699,1994
435,TROW,T. Rowe Price,Financials,Asset Management & Custody Banks,,1113169,1937
436,TTWO,Take-Two Interactive,Communication Services,Interactive Home Entertainment,2018-03-19,946581,1993
437,TPR,"Tapestry, Inc.",Consumer Discretionary,"Apparel, Accessories & Luxury Goods",,1116132,2017
438,TGT,Target Corporation,Consumer Discretionary,General Merchandise Stores,1976-12-31,27419,1902
439,TEL,TE Connectivity,Information Technology,Electronic Manufacturing Services,2011-10-17,1385157,2007
440,TDY,Teledyne Technologies,Industrials,Aerospace & Defense,2020-06-22,1094285,1960
441,TFX,Teleflex,Health Care,Health Care Equipment,2019-01-18,96943,1943
442,TER,Teradyne,Information Technology,Semiconductor Equipment,2020-09-21,97210,1960
443,TSLA,"Tesla, Inc.",Consumer Discretionary,Automobile Manufacturers,2020-12-21,1318605,2003
444,TXN,Texas Instruments,Information Technology,Semiconductors,,97476,1930
445,TXT,Textron,Industrials,Aerospace & Defense,1978-12-31,217346,1923
446,TMO,Thermo Fisher Scientific,Health Care,Life Sciences Tools & Services,2004-08-03,97745,2006 (1902)
447,TJX,TJX Companies,Consumer Discretionary,Apparel Retail,1985-09-30,109198,1987
448,TSCO,Tractor Supply,Consumer Discretionary,Specialty Stores,2014-01-24,916365,1938
449,TT,Trane Technologies,Industrials,Building Products,2010-11-17,1466258,1871
450,TDG,TransDigm Group,Industrials,Aerospace & Defense,2016-06-03,1260221,1993
451,TRV,The Travelers Companies,Financials,Property & Casualty Insurance,2002-08-21,86312,1853
452,TRMB,Trimble Inc.,Information Technology,Electronic Equipment & Instruments,2021-01-21,864749,1978
453,TFC,Truist,Financials,Regional Banks,1997-12-04,92230,1872
454,TWTR,Twitter Inc.,Communication Services,Interactive Media & Services,2018-06-07,1418091,2006
455,TYL,Tyler Technologies,Information Technology,Application Software,2020-06-22,860731,1966
456,TSN,Tyson Foods,Consumer Staples,Packaged Foods & Meats,2005-08-10,100493,1935
457,USB,U.S. Bank,Financials,Diversified Banks,,36104,1968
458,UDR,"UDR, Inc.",Real Estate,Residential REITs,2016-03-07,74208,1972
459,ULTA,Ulta Beauty,Consumer Discretionary,Specialty Stores,2016-04-18,1403568,1990
460,UNP,Union Pacific Corporation,Industrials,Railroads,1957-03-04,100885,1862
461,UAL,United Airlines Holdings,Industrials,Airlines,2015-09-03,100517,1967
462,UPS,United Parcel Service,Industrials,Air Freight & Logistics,2002-07-22,1090727,1907
463,URI,United Rentals,Industrials,Trading Companies & Distributors,2014-09-20,1067701,1997
464,UNH,UnitedHealth Group,Health Care,Managed Health Care,1994-07-01,731766,1977
465,UHS,Universal Health Services,Health Care,Health Care Facilities,2014-09-20,352915,1979
466,VLO,Valero Energy,Energy,Oil & Gas Refining & Marketing,,1035002,1980
467,VTR,Ventas,Real Estate,Health Care REITs,2009-03-04,740260,1998
468,VRSN,Verisign,Information Technology,Internet Services & Infrastructure,2006-02-01,1014473,1995
469,VRSK,Verisk,Industrials,Research & Consulting Services,2015-10-08,1442145,1971
470,VZ,Verizon,Communication Services,Integrated Telecommunication Services,1983-11-30,732712,1983 (1877)
471,VRTX,Vertex Pharmaceuticals,Health Care,Biotechnology,2013-09-23,875320,1989
472,VFC,VF Corporation,Consumer Discretionary,"Apparel, Accessories & Luxury Goods",1979-06-30,103379,1899
473,VTRS,Viatris,Health Care,Pharmaceuticals,2004-04-23,1792044,1961
474,VICI,Vici Properties,Real Estate,Hotel & Resort REITs,2022-06-08,1705696,2017
475,V,Visa Inc.,Information Technology,Data Processing & Outsourced Services,2009-12-21,1403161,1958
476,VNO,Vornado Realty Trust,Real Estate,Office REITs,2005,899689,1982
477,VMC,Vulcan Materials Company,Materials,Construction Materials,1999-06-30,1396009,1909
478,WAB,Wabtec,Industrials,Construction Machinery & Heavy Trucks,2019-02-27,943452,1999 (1869)
479,WBA,Walgreens Boots Alliance,Consumer Staples,Drug Retail,1979-12-31,1618921,2014
480,WMT,Walmart,Consumer Staples,Hypermarkets & Super Centers,1982-08-31,104169,1962
481,WBD,Warner Bros. Discovery,Communication Services,Broadcasting,2022-04-11,1437107,2022
482,WM,Waste Management,Industrials,Environmental & Facilities Services,,823768,1968
483,WAT,Waters Corporation,Health Care,Health Care Distributors,,1000697,1958
484,WEC,WEC Energy Group,Utilities,Electric Utilities,2008-10-31,783325,1896
485,WFC,Wells Fargo,Financials,Diversified Banks,1976-06-30,72971,1852
486,WELL,Welltower,Real Estate,Health Care REITs,2009-01-30,766704,1970
487,WST,West Pharmaceutical Services,Health Care,Health Care Supplies,2020-05-22,105770,1923
488,WDC,Western Digital,Information Technology,"Technology Hardware, Storage & Peripherals",2009-07-01,106040,1970
489,WRK,WestRock,Materials,Paper Packaging,,1732845,2015
490,WY,Weyerhaeuser,Real Estate,Specialized REITs,,106535,1900
491,WHR,Whirlpool Corporation,Consumer Discretionary,Household Appliances,,106640,1911
492,WMB,Williams Companies,Energy,Oil & Gas Storage & Transportation,1975-03-31,107263,1908
493,WTW,Willis Towers Watson,Financials,Insurance Brokers,2016-01-05,1140536,2016
494,GWW,W. W. Grainger,Industrials,Industrial Machinery,1981-06-30,277135,1927
495,WYNN,Wynn Resorts,Consumer Discretionary,Casinos & Gaming,2008-11-14,1174922,2002
496,XEL,Xcel Energy,Utilities,Multi-Utilities,1957-03-04,72903,1909
497,XYL,Xylem Inc.,Industrials,Industrial Machinery,2011-11-01,1524472,2011
498,YUM,Yum! Brands,Consumer Discretionary,Restaurants,1997-10-06,1041061,1997
499,ZBRA,Zebra Technologies,Information Technology,Electronic Equipment & Instruments,2019-12-23,877212,1969
500,ZBH,Zimmer Biomet,Health Care,Health Care Equipment,2001-08-07,1136869,1927
501,ZION,Zions Bancorporation,Financials,Regional Banks,2001-06-22,109380,1873
502,ZTS,Zoetis,Health Care,Pharmaceuticals,2013-06-21,1555280,1952
